regions,counties
Western Maryland,GARRETT
Western Maryland,ALLEGANY
Western Maryland,WASHINGTON
Capital Region,FREDERICK
Capital Region,MONTGOMERY
Capital Region,PRINCE GEORGE’S
Central Maryland,ANNE ARUNDEL
Central Maryland,BALTIMORE
Central Maryland,BALTIMORE CITY
Central Maryland,CARROLL
Central Maryland,HARFORD
Central Maryland,HOWARD
Southern Maryland,ST. MARY’S
Southern Maryland,CALVERT
Southern Maryland,CHARLES
Eastern Shore,KENT
Eastern Shore,QUEEN ANNE’S
Eastern Shore,TALBOT
Eastern Shore,CAROLINE
Eastern Shore,DORCHESTER
Eastern Shore,WICOMICO
Eastern Shore,SOMERSET
Eastern Shore,WORCESTER
Eastern Shore,CECIL
